{"cameraMode":{"drawMode":0,"name":"Shaded","section":"Shading Mode"},"sceneLighting":false,"audioPlay":false,"sceneViewState":{"showFog":true,"showMaterialUpdate":false,"showSkybox":false,"showFlares":true,"showImageEffects":true,"showParticleSystems":true},"in2DMode":false,"pivot":{"x":1.3472108840942383,"y":0.9918813705444336,"z":-1.6149535179138184},"rotation":{"x":-0.04836956039071083,"y":0.9461871981620789,"z":-0.16808421909809113,"w":-0.2722841501235962},"size":2.8578836917877199,"orthographic":false}